{"cols":2,"data":{"0":[0.5172549019607844,0.9],"1":[0.5988235294117648,0.9],"2":[0.58,0.9],"3":[0.6615686274509803,0.9],"4":[0.5956862745098039,0.9],"5":[0.5580392156862745,0.9],"6":[0.7713725490196078,0.9],"7":[0.5298039215686274,0.9],"8":[0.8152941176470588,0.9],"9":[0.5203921568627451,0.9],"10":[0.5925490196078432,0.9],"11":[0.8749019607843137,0.9],"12":[0.6898039215686275,0.9],"13":[0.6458823529411765,0.9],"14":[0.5643137254901961,0.9],"15":[0.783921568627451,0.9],"16":[0.7870588235294117,0.9],"17":[0.8372549019607843,0.9],"18":[0.827843137254902,0.9],"19":[0.5674509803921569,0.9],"20":[0.5078431372549019,0.9],"21":[0.8937254901960785,0.9],"22":[0.8403921568627452,0.9],"23":[0.812156862745098,0.9],"24":[0.7054901960784313,0.9],"25":[0.8466666666666667,0.9],"26":[0.843529411764706,0.9],"27":[0.6396078431372549,0.9],"28":[0.755686274509804,0.9],"29":[0.711764705882353,0.9],"30":[0.5235294117647059,0.9],"31":[0.5831372549019608,0.9],"32":[0.7745098039215687,0.9],"33":[0.6552941176470588,0.9],"34":[0.6803921568627451,0.9],"35":[0.7682352941176471,0.9],"36":[0.6333333333333333,0.9],"37":[0.7901960784313726,0.9],"38":[0.6709803921568628,0.9],"39":[0.7211764705882353,0.9],"40":[0.5141176470588236,0.9],"41":[0.5862745098039216,0.9],"42":[0.6207843137254903,0.9],"43":[0.6113725490196078,0.9],"44":[0.7933333333333333,0.9],"45":[0.8247058823529412,0.9],"46":[0.6050980392156863,0.9],"47":[0.5109803921568628,0.9],"48":[0.6301960784313725,0.9],"49":[0.7180392156862746,0.9],"50":[0.5768627450980393,0.9],"51":[0.7619607843137255,0.9],"52":[0.6772549019607843,0.9],"53":[0.5047058823529412,0.9],"54":[0.8341176470588235,0.9],"55":[0.623921568627451,0.9],"56":[0.6647058823529413,0.9],"57":[0.8090196078431372,0.9],"58":[0.9,0.9],"59":[0.6490196078431373,0.9],"60":[0.7964705882352942,0.9],"61":[0.6866666666666666,0.9],"62":[0.8184313725490197,0.9],"63":[0.871764705882353,0.9],"64":[0.7023529411764706,0.9],"65":[0.5705882352941177,0.9],"66":[0.5611764705882353,0.9],"67":[0.7525490196078432,0.9],"68":[0.6176470588235294,0.9],"69":[0.667843137254902,0.9],"70":[0.8686274509803922,0.9],"71":[0.799607843137255,0.9],"72":[0.8498039215686275,0.9],"73":[0.5423529411764706,0.9],"74":[0.6427450980392158,0.9],"75":[0.7337254901960785,0.9],"76":[0.8811764705882353,0.9],"77":[0.7807843137254902,0.9],"78":[0.7149019607843138,0.9],"79":[0.7588235294117647,0.9],"80":[0.8529411764705882,0.9],"81":[0.5517647058823529,0.9],"82":[0.6019607843137255,0.9],"83":[0.6741176470588235,0.9],"84":[0.7086274509803921,0.9],"85":[0.8592156862745098,0.9],"86":[0.5549019607843138,0.9],"87":[0.608235294117647,0.9],"88":[0.5454901960784314,0.9],"89":[0.8215686274509805,0.9],"90":[0.6145098039215686,0.9],"91":[0.856078431372549,0.9],"92":[0.5329411764705883,0.9],"93":[0.5015686274509804,0.9],"94":[0.8874509803921569,0.9],"95":[0.6992156862745098,0.9],"96":[0.5737254901960784,0.9],"97":[0.7650980392156863,0.9],"98":[0.8968627450980392,0.9],"99":[0.8905882352941177,0.9],"100":[0.7368627450980392,0.9],"101":[0.6929411764705883,0.9],"102":[0.884313725490196,0.9],"103":[0.6835294117647058,0.9],"104":[0.7274509803921568,0.9],"105":[0.536078431372549,0.9],"106":[0.5266666666666667,0.9],"107":[0.7305882352941176,0.9],"108":[0.5894117647058824,0.9],"109":[0.6364705882352941,0.9],"110":[0.7494117647058823,0.9],"111":[0.7462745098039216,0.9],"112":[0.6270588235294118,0.9],"113":[0.8654901960784315,0.9],"114":[0.6584313725490196,0.9],"115":[0.8309803921568627,0.9],"116":[0.7400000000000001,0.9],"117":[0.7243137254901961,0.9],"118":[0.652156862745098,0.9],"119":[0.8780392156862745,0.9],"120":[0.8058823529411765,0.9],"121":[0.8027450980392157,0.9],"122":[0.5486274509803922,0.9],"123":[0.5392156862745099,0.9],"124":[0.8623529411764705,0.9],"125":[0.7431372549019608,0.9],"126":[0.696078431372549,0.9],"127":[0.7776470588235295,0.9],"128":[0.6866666666666666,0.1],"129":[0.6427450980392158,0.1],"130":[0.7964705882352942,0.1],"131":[0.7274509803921568,0.1],"132":[0.6396078431372549,0.1],"133":[0.5894117647058824,0.1],"134":[0.608235294117647,0.1],"135":[0.7494117647058823,0.1],"136":[0.5047058823529412,0.1],"137":[0.8498039215686275,0.1],"138":[0.9,0.1],"139":[0.856078431372549,0.1],"140":[0.843529411764706,0.1],"141":[0.6647058823529413,0.1],"142":[0.7745098039215687,0.1],"143":[0.5423529411764706,0.1],"144":[0.6333333333333333,0.1],"145":[0.5674509803921569,0.1],"146":[0.6113725490196078,0.1],"147":[0.58,0.1],"148":[0.5078431372549019,0.1],"149":[0.7650980392156863,0.1],"150":[0.6050980392156863,0.1],"151":[0.5141176470588236,0.1],"152":[0.6615686274509803,0.1],"153":[0.5015686274509804,0.1],"154":[0.6772549019607843,0.1],"155":[0.7180392156862746,0.1],"156":[0.8058823529411765,0.1],"157":[0.5486274509803922,0.1],"158":[0.6364705882352941,0.1],"159":[0.8780392156862745,0.1],"160":[0.8749019607843137,0.1],"161":[0.783921568627451,0.1],"162":[0.5611764705882353,0.1],"163":[0.8811764705882353,0.1],"164":[0.5298039215686274,0.1],"165":[0.5988235294117648,0.1],"166":[0.8937254901960785,0.1],"167":[0.7619607843137255,0.1],"168":[0.5109803921568628,0.1],"169":[0.7243137254901961,0.1],"170":[0.6741176470588235,0.1],"171":[0.7713725490196078,0.1],"172":[0.5580392156862745,0.1],"173":[0.5768627450980393,0.1],"174":[0.7400000000000001,0.1],"175":[0.623921568627451,0.1],"176":[0.8654901960784315,0.1],"177":[0.7368627450980392,0.1],"178":[0.7807843137254902,0.1],"179":[0.5862745098039216,0.1],"180":[0.7023529411764706,0.1],"181":[0.7776470588235295,0.1],"182":[0.7682352941176471,0.1],"183":[0.5737254901960784,0.1],"184":[0.6929411764705883,0.1],"185":[0.652156862745098,0.1],"186":[0.6835294117647058,0.1],"187":[0.7525490196078432,0.1],"188":[0.8215686274509805,0.1],"189":[0.8968627450980392,0.1],"190":[0.5172549019607844,0.1],"191":[0.871764705882353,0.1],"192":[0.6552941176470588,0.1],"193":[0.7462745098039216,0.1],"194":[0.5643137254901961,0.1],"195":[0.884313725490196,0.1],"196":[0.6992156862745098,0.1],"197":[0.7901960784313726,0.1],"198":[0.536078431372549,0.1],"199":[0.6301960784313725,0.1],"200":[0.8341176470588235,0.1],"201":[0.8184313725490197,0.1],"202":[0.6490196078431373,0.1],"203":[0.8152941176470588,0.1],"204":[0.799607843137255,0.1],"205":[0.5517647058823529,0.1],"206":[0.8686274509803922,0.1],"207":[0.7054901960784313,0.1],"208":[0.5266666666666667,0.1],"209":[0.8372549019607843,0.1],"210":[0.5831372549019608,0.1],"211":[0.6176470588235294,0.1],"212":[0.7211764705882353,0.1],"213":[0.667843137254902,0.1],"214":[0.7149019607843138,0.1],"215":[0.5235294117647059,0.1],"216":[0.827843137254902,0.1],"217":[0.8027450980392157,0.1],"218":[0.5329411764705883,0.1],"219":[0.6145098039215686,0.1],"220":[0.7337254901960785,0.1],"221":[0.8403921568627452,0.1],"222":[0.8247058823529412,0.1],"223":[0.8529411764705882,0.1],"224":[0.5454901960784314,0.1],"225":[0.5549019607843138,0.1],"226":[0.7305882352941176,0.1],"227":[0.6270588235294118,0.1],"228":[0.5925490196078432,0.1],"229":[0.696078431372549,0.1],"230":[0.7431372549019608,0.1],"231":[0.812156862745098,0.1],"232":[0.5203921568627451,0.1],"233":[0.8905882352941177,0.1],"234":[0.8090196078431372,0.1],"235":[0.711764705882353,0.1],"236":[0.5705882352941177,0.1],"237":[0.5392156862745099,0.1],"238":[0.6709803921568628,0.1],"239":[0.6458823529411765,0.1],"240":[0.7086274509803921,0.1],"241":[0.8623529411764705,0.1],"242":[0.8874509803921569,0.1],"243":[0.6898039215686275,0.1],"244":[0.8592156862745098,0.1],"245":[0.5956862745098039,0.1],"246":[0.6584313725490196,0.1],"247":[0.8466666666666667,0.1],"248":[0.755686274509804,0.1],"249":[0.6207843137254903,0.1],"250":[0.8309803921568627,0.1],"251":[0.7870588235294117,0.1],"252":[0.6803921568627451,0.1],"253":[0.7933333333333333,0.1],"254":[0.7588235294117647,0.1],"255":[0.6019607843137255,0.1],"256":[0.2662745098039216,0.1],"257":[0.2631372549019608,0.1],"258":[0.29764705882352943,0.1],"259":[0.42313725490196086,0.1],"260":[0.29450980392156867,0.1],"261":[0.1815686274509804,0.1],"262":[0.39803921568627454,0.1],