{
	"std":{
		"slice-20":[ 0.3763047552317, -1.1663568329335 ],
		"slice-15":[ -0.5168519129097, 0.85136601808917 ],
		"slice-4":[ -0.96768182622826, 2.150037883449 ],
		"slice-14":[ -0.97169480250753, 1.2131721013551 ],
		"slice-7":[ 2.0058252546824, -1.2211146961453 ],
		"slice-12":[ -0.27520409489246, 0.13970654032635 ],
		"slice-21":[ -0.51885893336567, 1.2065592535614 ],
		"slice-0":[ 1.2142245230182, -0.59334816068477 ],
		"slice-1":[ 2.0152325994407, -1.6627923520859 ],
		"slice-9":[ -0.65935349655615, 0.057075718969251 ],
		"slice-11":[ 0.65073098484208, 0.826100546747 ],
		"slice-22":[ -0.49982467901761, -0.3224672938057 ],
		"slice-8":[ -0.17993587895388, 1.1355904041245 ],
		"slice-13":[ -0.19755805463116, -0.51667575403872 ],
		"slice-3":[ 0.25579535123836, -1.2258013847288 ],
		"slice-6":[ -0.54208045062334, 0.81972654781806 ],
		"slice-5":[ -0.47065361865715, -0.46445237824515 ],
		"slice-19":[ -0.61796608945499, -0.2639877426519 ],
		"slice-10":[ -0.65388729668474, -0.60867162807169 ],
		"slice-16":[ -0.92687489443308, 0.72085976676204 ],
		"slice-2":[ -0.63152750563383, -0.076707180189842 ],
		"slice-18":[ 2.5969155746299, -1.6251861426125 ],
		"slice-17":[ -0.48507550853373, 0.6273667649919 ]
	},
	"robust":{
		"slice-20":[ 0.9858300259644, -0.77111963450124 ],
		"slice-15":[ -0.036367368592918, 0.65677574773263 ],
		"slice-4":[ -0.5523319011555, 1.5758155249966 ],
		"slice-14":[ -0.5569246607949, 0.91281747085517 ],
		"slice-7":[ 2.8507789966556, -0.80987049663349 ],
		"slice-12":[ 0.24019303652806, 0.15315094043788 ],
		"slice-21":[ -0.038664357636492, 0.9081377127688 ],
		"slice-0":[ 1.9448100504452, -0.36561476713593 ],
		"slice-1":[ 2.8615454877368, -1.1224354680982 ],
		"slice-9":[ -0.19945717435658, 0.094675036184631 ],
		"slice-11":[ 1.2999045740385, 0.63889596318185 ],
		"slice-22":[ -0.016880088542448, -0.17391869809647 ],
		"slice-8":[ 0.34922533241763, 0.85791471393523 ],
		"slice-13":[ 0.32905715509077, -0.31135549394627 ],
		"slice-3":[ 0.84790976720624, -0.8131871567898 ],
		"slice-6":[ -0.065240853435213, 0.63438523286407 ],
		"slice-5":[ 0.016505523367033, -0.2743982294228 ],
		"slice-19":[ -0.15209023279376, -0.13253408424562 ],
		"slice-10":[ -0.19320123352784, -0.37645882746389 ],
		"slice-16":[ -0.50562930031426, 0.5644195187648 ],
		"slice-2":[ -0.16761096367893, 0.0 ],
		"slice-18":[ 3.5272683591049, -1.0958224311178 ],
		"slice-17":[ 0.0, 0.49825670288 ]
	},
	"raw":{
		"slice-20":[ 4485.2138671875, -26.572309494019 ],
		"slice-15":[ 2744.26171875, -20.562271118164 ],
		"slice-4":[ 1865.4984130859, -16.69401550293 ],
		"slice-14":[ 1857.6762695312, -19.484586715698 ],
		"slice-7":[ 7661.4956054688, -26.735412597656 ],
		"slice-12":[ 3215.2846679688, -22.682037353516 ],
		"slice-21":[ 2740.349609375, -19.504283905029 ],
		"slice-0":[ 6118.4975585938, -24.865531921387 ],
		"slice-1":[ 7679.8325195312, -28.05100440979 ],
		"slice-9":[ 2466.4958496094, -22.928163528442 ],
		"slice-11":[ 5020.12890625, -20.63752746582 ],
		"slice-22":[ 2777.4514160156, -24.058679580688 ],
		"slice-8":[ 3400.9826660156, -19.715673446655 ],
		"slice-13":[ 3366.6333007812, -24.637153625488 ],
		"slice-3":[ 4250.3154296875, -26.7493724823 ],
		"slice-6":[ 2695.0859375, -20.656513214111 ],
		"slice-5":[ 2834.3120117188, -24.481599807739 ],
		"slice-19":[ 2547.1687011719, -23.884490966797 ],
		"slice-10":[ 2477.1506347656, -24.91117477417 ],
		"slice-16":[ 1945.0397949219, -20.951000213623 ],
		"slice-2":[ 2520.7346191406, -23.326652526855 ],
		"slice-18":[ 8813.65625, -27.938989639282 ],
		"slice-17":[ 2806.2006835938, -21.229480743408 ]
	},
	"norm":{
		"slice-20":[ 0.37773794706626, 0.13020131725921 ],
		"slice-15":[ 0.12745658436455, 0.65939425960893 ],
		"slice-4":[ 0.0011245207111939, 1.0 ],
		"slice-14":[ 0.0, 0.75428599643319 ],
		"slice-7":[ 0.83436400798071, 0.11583984301852 ],
		"slice-12":[ 0.19517140679666, 0.4727456459019 ],
		"slice-21":[ 0.12689417484268, 0.75255162920851 ],
		"slice-0":[ 0.61254076363448, 0.28048565641189 ],
		"slice-1":[ 0.83700014467374, 0.0 ],
		"slice-9":[ 0.087524630862595, 0.45107386503241 ],
		"slice-11":[ 0.4546379727369, 0.65276782470849 ],
		"slice-22":[ 0.13222797493192, 0.35153022177295 ],
		"slice-8":[ 0.2218675730548, 0.73393846128525 ],
		"slice-13":[ 0.2169294672335, 0.3005947097685 ],
		"slice-3":[ 0.34396866679812, 0.11461065412364 ],
		"slice-6":[ 0.12038701524732, 0.65109610094027 ],
		"slice-5":[ 0.14040232216449, 0.3142914580021 ],
		"slice-19":[ 0.09912225647236, 0.36686779190885 ],
		"slice-10":[ 0.089056375517721, 0.27646673439326 ],
		"slice-16":[ 0.01255948488005, 0.6251660765362 ],
		"slice-2":[ 0.095322061229494, 0.41598630778628 ],
		"slice-18":[ 1.0, 0.0098630694655472 ],
		"slice-17":[ 0.13636100401752, 0.60064544592988 ]
	},
	"start-num":{
		"slice-20":[ 372539.0, 8251.0 ],
		"slice-15":[ 289702.0, 2989.0 ],
		"slice-4":[ 88213.0, 1465.0 ],
		"slice-14":[ 284011.0, 1354.0 ],
		"slice-7":[ 157329.0, 10359.0 ],
		"slice-12":[ 252615.0, 3516.0 ],
		"slice-21":[ 390486.0, 1343.0 ],
		"slice-0":[ 1693.0, 17286.0 ],
		"slice-1":[ 38698.0, 6684.0 ],
		"slice-9":[ 202315.0, 8533.0 ],
		"slice-11":[ 240147.0, 2181.0 ],
		"slice-22":[ 417191.0, 6335.0 ],
		"slice-8":[ 176643.0, 1351.0 ],
		"slice-13":[ 259279.0, 8008.0 ],
		"slice-3":[ 69862.0, 9033.0 ],
		"slice-6":[ 151777.0, 4763.0 ],
		"slice-5":[ 114548.0, 6310.0 ],
		"slice-19":[ 353462.0, 7944.0 ],
		"slice-10":[ 220908.0, 5159.0 ],
		"slice-16":[ 296443.0, 1064.0 ],
		"slice-2":[ 51149.0, 8291.0 ],
		"slice-18":[ 327115.0, 11104.0 ],
		"slice-17":[ 302813.0, 3009.0 ]
	}
}