{
  "cols": 2,
  "data": {
    "0": [
      136.7479248046875,
      0.0
    ],
    "1": [
      3819.2314453125,
      0.0
    ],
    "10": [
      2774.61572265625,
      0.9947339296340942
    ],
    "11": [
      2776.038818359375,
      0.9963622689247131
    ],
    "12": [
      2777.120849609375,
      0.9973914623260498
    ],
    "13": [
      2778.628173828125,
      0.9980868697166443
    ],
    "14": [
      2779.842529296875,
      0.9985176920890808
    ],
    "15": [
      2780.397216796875,
      0.9987626075744629
    ],
    "16": [
      2780.68994140625,
      0.9988923072814941
    ],
    "17": [
      2781.523681640625,
      0.9989335536956787
    ],
    "18": [
      2781.392578125,
      0.9988911151885986
    ],
    "19": [
      2781.513671875,
      0.998795211315155
    ],
    "2": [
      387.0388488769531,
      0.0
    ],
    "20": [
      2781.640869140625,
      0.9986512064933777
    ],
    "21": [
      2781.916015625,
      0.9984745383262634
    ],
    "22": [
      2781.615234375,
      0.9982693791389465
    ],
    "23": [
      2781.6669921875,
      0.9980572462081909
    ],
    "24": [
      2781.133056640625,
      0.9978176951408386
    ],
    "25": [
      2781.33203125,
      0.9975643157958984
    ],
    "26": [
      2781.12646484375,
      0.9973483085632324
    ],
    "27": [
      2780.12646484375,
      0.9970715045928955
    ],
    "28": [
      2781.129638671875,
      0.9968271851539612
    ],
    "29": [
      2779.5888671875,
      0.9966240525245667
    ],
    "3": [
      2843.435546875,
      0.010121804662048817
    ],
    "30": [
      2779.79638671875,
      0.9964575171470642
    ],
    "31": [
      2779.27294921875,
      0.99623042345047
    ],
    "32": [
      2779.309814453125,
      0.9961088299751282
    ],
    "33": [
      2778.739501953125,
      0.9959412813186646
    ],
    "34": [
      2778.597412109375,
      0.9957165122032166
    ],
    "35": [
      2778.942138671875,
      0.9951791167259216
    ],
    "36": [
      2779.722412109375,
      0.994041919708252
    ],
    "37": [
      2782.10986328125,
      0.9902161359786987
    ],
    "38": [
      2785.539794921875,
      0.9771686792373657
    ],
    "39": [
      2869.07763671875,
      0.6363922357559204
    ],
    "4": [
      2833.57861328125,
      0.028360774740576744
    ],
    "40": [
      2890.2978515625,
      0.5449040532112122
    ],
    "41": [
      307.9724426269531,
      0.564604640007019
    ],
    "42": [
      550.8284301757813,
      0.6802511215209961
    ],
    "43": [
      897.5552978515625,
      0.564687967300415
    ],
    "44": [
      276.0215759277344,
      0.7257859706878662
    ],
    "45": [
      400.9902038574219,
      0.6222790479660034
    ],
    "46": [
      552.9599609375,
      0.49597683548927307
    ],
    "47": [
      349.19659423828125,
      0.8087892532348633
    ],
    "48": [
      346.5863037109375,
      0.7579038739204407
    ],
    "49": [
      2951.40625,
      0.42485618591308594
    ],
    "5": [
      2826.199951171875,
      0.19510014355182648
    ],
    "50": [
      2908.306640625,
      0.5923422574996948
    ],
    "51": [
      2838.631591796875,
      0.598943829536438
    ],
    "52": [
      2915.114990234375,
      0.581206202507019
    ],
    "53": [
      2790.053466796875,
      0.959778368473053
    ],
    "54": [
      2918.49365234375,
      0.5226389765739441
    ],
    "55": [
      2787.020751953125,
      0.9976205825805664
    ],
    "56": [
      2787.290771484375,
      0.9864168167114258
    ],
    "57": [
      2791.08984375,
      0.9690782427787781
    ],
    "58": [
      2793.70263671875,
      0.9483180046081543
    ],
    "59": [
      2796.4384765625,
      0.9229379892349243
    ],
    "6": [
      2807.984375,
      0.65301513671875
    ],
    "60": [
      2799.827880859375,
      0.8796797394752502
    ],
    "61": [
      2806.48876953125,
      0.7822331786155701
    ],
    "62": [
      2818.85205078125,
      0.5772045850753784
    ],
    "63": [
      2841.64990234375,
      0.26444706320762634
    ],
    "64": [
      2861.546875,
      0.05481754243373871
    ],
    "65": [
      2879.55859375,
      0.0070256274193525314
    ],
    "66": [
      2990.49365234375,
      0.0005503846914507449
    ],
    "67": [
      2992.48095703125,
      0.0
    ],
    "68": [
      2975.9892578125,
      0.00024397695960942656
    ],
    "69": [
      3317.59130859375,
      0.0
    ],
    "7": [
      2787.912841796875,
      0.9443305134773254
    ],
    "70": [
      3162.495849609375,
      0.0
    ],
    "71": [
      2970.431640625,
      0.00046017151908017695
    ],
    "72": [
      3107.753173828125,
      0.0
    ],
    "73": [
      2882.490478515625,
      0.0013962422963231802
    ],
    "74": [
      3328.46142578125,
      0.0
    ],
    "75": [
      3117.136474609375,
      0.0
    ],
    "76": [
      2955.29443359375,
      0.0004278511623851955
    ],
    "77": [
      6722.65234375,
      0.0
    ],
    "78": [
      3353.321533203125,
      0.0
    ],
    "79": [
      2992.20068359375,
      0.0
    ],
    "8": [
      2776.169921875,
      0.9860048294067383
    ],
    "80": [
      7563.28662109375,
      0.0
    ],
    "81": [
      6697.75927734375,
      0.0
    ],
    "82": [
      3281.044921875,
      0.0
    ],
    "83": [
      3010.3447265625,
      0.0
    ],
    "84": [
      2981.503173828125,
      0.0004631765477824956
    ],
    "85": [
      5067.84716796875,
      0.0
    ],
    "86": [
      124.78567504882813,
      0.0
    ],
    "9": [
      2773.1435546875,
      0.9920521974563599
    ]
  }
}
