{
  "cols": 87,
  "data": {
    "pitch": [
      198.1636962890625,
      6563.2685546875,
      5697.771484375,
      6460.5087890625,
      778.8060913085938,
      535.2235107421875,
      388.1402587890625,
      2859.419189453125,
      2832.858154296875,
      2822.14013671875,
      2799.774658203125,
      2782.406494140625,
      2774.011962890625,
      2773.5810546875,
      2775.143798828125,
      2776.388916015625,
      2777.940673828125,
      2779.05029296875,
      2780.42578125,
      2780.637451171875,
      2781.166748046875,
      2781.09033203125,
      2781.807373046875,
      2781.574462890625,
      2781.3525390625,
      2781.3173828125,
      2781.89013671875,
      2781.5205078125,
      2781.219970703125,
      2781.710693359375,
      2780.727783203125,
      2780.43408203125,
      2780.801513671875,
      2779.88818359375,
      2779.50341796875,
      2779.08447265625,
      2779.473388671875,
      2778.2841796875,
      2778.579833984375,
      2779.301513671875,
      2780.58203125,
      2783.63818359375,
      2788.238037109375,
      2860.843994140625,
      279.7521057128906,
      344.2074890136719,
      682.2738037109375,
      275.6051940917969,
      404.02691650390625,
      692.9591064453125,
      400.3612060546875,
      346.9772644042969,
      348.9881591796875,
      2930.982666015625,
      2865.23095703125,
      2818.9619140625,
      2852.05810546875,
      2815.70947265625,
      2829.85791015625,
      2785.517822265625,
      2789.033447265625,
      2791.9970703125,
      2794.8564453125,
      2797.670166015625,
      2801.517333984375,
      2810.591796875,
      2827.10791015625,
      2850.8251953125,
      2863.296875,
      2935.4033203125,
      3004.5185546875,
      2990.1611328125,
      2948.70751953125,
      3559.819580078125,
      3294.274658203125,
      2997.523681640625,
      2954.055419921875,
      2954.4130859375,
      6553.83251953125,
      2942.913818359375,
      2972.492431640625,
      6714.9609375,
      3293.053466796875,
      3138.503662109375,
      5861.35791015625,
      3425.601806640625,
      145.23521423339844
    ],
    "confidence": [
      0.0,
      0.0,
      0.0,
      0.0,
      0.0,
      0.0,
      0.0,
      0.007179683540016413,
      0.05174637213349342,
      0.3586900234222412,
      0.8110964894294739,
      0.9717151522636414,
      0.9892554879188538,
      0.993263304233551,
      0.9954577684402466,
      0.9968022704124451,
      0.9977083802223206,
      0.9982789158821106,
      0.9986435174942017,
      0.9988282322883606,
      0.9989282488822937,
      0.99891197681427,
      0.9988656640052795,
      0.9987526535987854,
      0.9985665678977966,
      0.9983784556388855,
      0.9981951713562012,
      0.9979744553565979,
      0.9977172613143921,
      0.9974855184555054,
      0.9972512722015381,
      0.9969630837440491,
      0.996749997138977,
      0.9965733289718628,
      0.9963685274124146,
      0.996168315410614,
      0.9960435628890991,
      0.9958693981170654,
      0.9955718517303467,
      0.9948147535324097,
      0.993165135383606,
      0.9868355989456177,
      0.9509137272834778,
      0.6507051587104797,
      0.5821570158004761,
      0.5253246426582336,
      0.6135414242744446,
      0.7272932529449463,
      0.7042286396026611,
      0.5761875510215759,
      0.4791925549507141,
      0.8496884107589722,
      0.641154408454895,
      0.48041701316833496,
      0.6179773807525635,
      0.7817800045013428,
      0.7593315243721008,
      0.8311769962310791,
      0.8249607086181641,
      0.9944633841514587,
      0.9801414012908936,
      0.9614126682281494,
      0.9394038915634155,
      0.9100400805473328,
      0.85294109582901,
      0.7141720056533813,
      0.46223852038383484,
      0.1651187241077423,
      0.02253505401313305,
      0.0032555190846323967,
      9.336080353250509e-09,
      0.0,
      0.000817344815004617,
      0.0,
      0.0,
      0.00027328715077601373,
      0.0004287506453692913,
      0.0006159261101856828,
      0.0,
      0.0008885122952051461,
      0.0,
      0.0,
      0.0,
      0.0,
      0.0,
      0.0,
      0.0
    ]
  }
}
