{
  "cols": 345,
  "data": {
    "pitch": [
      285.24810791015625,
      9223.8564453125,
      6351.43505859375,
      6557.34521484375,
      9469.205078125,
      9394.1201171875,
      9126.890625,
      4462.60888671875,
      7646.064453125,
      6532.01123046875,
      9715.5029296875,
      9510.025390625,
      9448.5341796875,
      9080.4384765625,
      9386.8251953125,
      6407.8291015625,
      9230.3779296875,
      4515.08056640625,
      9475.099609375,
      379.15972900390625,
      1409.494384765625,
      3524.921875,
      2987.67138671875,
      2915.739990234375,
      2917.612548828125,
      2799.0849609375,
      3106.525390625,
      2628.90673828125,
      3401.330078125,
      2943.572998046875,
      9218.37109375,
      6346.98779296875,
      9470.3447265625,
      4575.88671875,
      9407.87109375,
      1308.864501953125,
      390.9548645019531,
      2856.531982421875,
      2793.2109375,
      110.45306396484375,
      174.39852905273438,
      387.0401611328125,
      450.0171203613281,
      253.40452575683594,
      186.4196014404297,
      1411.111083984375,
      2803.6884765625,
      2807.76318359375,
      2815.2392578125,
      2827.715087890625,
      2863.961181640625,
      2892.102294921875,
      3063.362060546875,
      6708.43408203125,
      4563.322265625,
      5011.35595703125,
      5097.6689453125,
      4190.6748046875,
      106.19373321533203,
      0.0,
      6730.7021484375,
      3469.69580078125,
      6596.3232421875,
      111.21415710449219,
      4976.94287109375,
      106.81883239746094,
      5683.45068359375,
      6563.77294921875,
      4067.0703125,
      3367.78515625,
      9072.3271484375,
      6570.3486328125,
      9742.9658203125,
      3480.68798828125,
      6436.34814453125,
      9283.7919921875,
      9278.3203125,
      5864.70751953125,
      6431.29296875,
      6503.408203125,
      9782.1953125,
      6682.2041015625,
      4520.0830078125,
      5031.42529296875,
      5748.314453125,
      2134.47607421875,
      6565.83935546875,
      3233.434814453125,
      386.717041015625,
      909.27490234375,
      2834.51123046875,
      2827.483642578125,
      2810.963134765625,
      2790.11279296875,
      2777.250732421875,
      2773.1630859375,
      2774.448974609375,
      2775.83740234375,
      2776.826171875,
      2778.498779296875,
      2779.6435546875,
      2780.416015625,
      2780.660400390625,
      2781.602294921875,
      2781.216064453125,
      2781.6318359375,
      2781.81298828125,
      2781.96826171875,
      2781.443359375,
      2781.66796875,
      2781.070068359375,
      2781.1611328125,
      2781.29541015625,
      2780.22998046875,
      2781.121826171875,
      2779.73974609375,
      2779.9423828125,
      2779.344482421875,
      2779.201416015625,
      2778.971923828125,
      2778.523681640625,
      2778.765625,
      2779.509765625,
      2781.703857421875,
      2785.3310546875,
      2855.582763671875,
      2875.0048828125,
      278.8223571777344,
      550.762939453125,
      685.3516845703125,
      276.0539855957031,
      402.15411376953125,
      553.1688842773438,
      349.853515625,
      346.1837158203125,
      2949.025634765625,
      2910.01171875,
      2843.078125,
      2905.982666015625,
      2791.00244140625,
      2924.693359375,
      2788.283447265625,
      2786.702392578125,
      2790.738525390625,
      2793.300537109375,
      2796.080810546875,
      2799.367919921875,
      2805.236328125,
      2816.7021484375,
      2838.6064453125,
      2859.847900390625,
      2865.82080078125,
      2975.80615234375,
      2995.087158203125,
      2988.367919921875,
      3276.1484375,
      3171.835693359375,
      2969.63134765625,
      3129.01611328125,
      2876.251953125,
      3192.146240234375,
      3196.48681640625,
      2948.3740234375,
      3407.176025390625,
      3357.0615234375,
      2992.5947265625,
      7537.07958984375,
      6683.873046875,
      3320.1826171875,
      3015.7822265625,
      2966.142578125,
      4043.741455078125,
      4505.6123046875,
      9643.328125,
      3377.928466796875,
      3062.252685546875,
      3080.12744140625,
      3112.689697265625,
      4050.0048828125,
      392.2303771972656,
      1383.4451904296875,
      2810.263671875,
      2785.810302734375,
      2853.0322265625,
      2875.69677734375,
      2942.4912109375,
      2910.894287109375,
      3144.38330078125,
      3124.225830078125,
      3081.621337890625,
      2996.482666015625,
      3079.98583984375,
      3106.57080078125,
      3083.575439453125,
      2902.343017578125,
      3225.4208984375,
      3981.312255859375,
      3137.09130859375,
      3269.932861328125,
      104.4117202758789,
      0.0,
      458.2515869140625,
      1387.46533203125,
      2806.052734375,
      2778.4130859375,
      2853.948974609375,
      2865.025634765625,
      2857.157958984375,
      3343.052490234375,
      3840.68212890625,
      3354.81591796875,
      105.94711303710938,
      463.5595397949219,
      693.9158325195313,
      107.17710876464844,
      95.16484069824219,
      2803.133056640625,
      553.0611572265625,
      2824.594482421875,
      2790.881103515625,
      2786.516845703125,
      2786.802978515625,
      2787.5791015625,
      2788.20849609375,
      2789.031982421875,
      2790.446533203125,
      2792.40771484375,
      2794.3798828125,
      2797.610595703125,
      2800.221435546875,
      2802.501220703125,
      2805.26318359375,
      2808.05908203125,
      2810.8564453125,
      2812.612548828125,
      2814.862548828125,
      2818.6787109375,
      2825.099609375,
      2836.968505859375,
      2860.3193359375,
      2868.130126953125,
      2895.179931640625,
      2898.324462890625,
      2864.970703125,
      2885.62109375,
      2879.1396484375,
      2919.378173828125,
      2925.9443359375,
      2914.26416015625,
      2865.522705078125,
      2910.93017578125,
      2882.52734375,
      2893.5576171875,
      2832.980712890625,
      2793.38720703125,
      2871.145263671875,
      2872.079345703125,
      2857.40869140625,
      2894.5009765625,
      2868.02392578125,
      2858.7099609375,
      2862.811279296875,
      2809.193115234375,
      2793.2265625,
      2820.133056640625,
      2848.225341796875,
      2863.62255859375,
      2859.291015625,
      2778.295166015625,
      2837.824951171875,
      2860.760986328125,
      2829.9912109375,
      2779.883544921875,
      2840.635986328125,
      2852.126220703125,
      2893.5244140625,
      3428.498779296875,
      2898.141357421875,
      2967.038330078125,
      3169.106201171875,
      2834.72900390625,
      2818.514404296875,
      2987.543212890625,
      2928.66748046875,
      2856.371826171875,
      2853.5556640625,
      2792.845947265625,
      2906.9482421875,
      2888.63330078125,
      3456.34326171875,
      5634.31640625,
      6418.42578125,
      9436.3447265625,
      5877.5888671875,
      9524.232421875,
      9481.087890625,
      7953.68212890625,
      9580.3076171875,
      5606.0576171875,
      6392.5888671875,
      9184.884765625,
      5014.76806640625,
      4950.34521484375,
      6484.9970703125,
      4871.89599609375,
      2839.6943359375,
      2750.42041015625,
      2717.7744140625,
      2734.7705078125,
      2804.50634765625,
      2805.2216796875,
      2726.37744140625,
      2909.48193359375,
      88.64462280273438,
      541.9228515625,
      2781.14208984375,
      455.4527587890625,
      93.42108917236328,
      688.68115234375,
      458.88555908203125,
      124.9774398803711,
      173.24923706054688,
      339.23284912109375,
      464.05316162109375,
      667.6781616210938,
      675.1431884765625,
      398.54827880859375,
      400.14013671875,
      680.7281494140625,
      282.8285217285156,
      2841.020263671875,
      2977.11767578125,
      2824.9677734375,
      2899.45947265625,
