{"cols":2,"data":{"0":[0.6681942834226574,0.2859415447212945],"1":[0.06950444863141658,0.9647545228779965],"2":[0.3652877162819363,0.8783132260896369],"3":[0.666505425425437,0.8026376763762435],"4":[0.04844556006168943,0.7933115372353632],"5":[0.669924108691852,0.9370666281980934],"6":[0.7368675686068474,0.7453000067402084],"7":[0.2174546262585037,0.9102020480628537],"8":[0.7507473681101412,0.9396512630659818],"9":[0.8156673896653702,0.8887062082902527],"10":[0.5518860001137776,0.7214617849629346],"11":[0.681779805946351,0.7396290700367603],"12":[0.7804649669060217,0.30323112900692406],"13":[0.3812728971620493,0.15954698788340121],"14":[0.5954411486717968,0.7404356176050482],"15":[0.8499004763454392,0.8501863415808705],"16":[0.6339891455047046,0.2067107352185521],"17":[0.48835228427560307,0.39072564166714013],"18":[0.19330303290843265,0.7656634518507203],"19":[0.7659903645212162,0.7710697516616392],"20":[0.5721495774031494,0.8854851705043727],"21":[0.5913576743900377,0.038616069964024266],"22":[0.7793021435903522,0.22261944769075698],"23":[0.040535278188516766,0.8822394957143186],"24":[0.22779703560940606,0.8132979122644384],"25":[0.32788580158319514,0.8774981173793559],"26":[0.22635018089374798,0.9083351718916147],"27":[0.34639270947590795,0.8694077772625295],"28":[0.2782159633261971,0.7256231061871495],"29":[0.7493799187109172,0.6495157162689496],"30":[0.5498942710034488,0.8925879284369674],"31":[0.815968487517898,0.8044512748051711],"32":[0.5198173709346474,0.12971614930672798],"33":[0.6658939893286361,0.7160374498314659],"34":[0.19513407868701393,0.7837456741488966],"35":[0.6937582886452636,0.26219364482544755],"36":[0.550270340126543,0.8041362148847343],"37":[0.2565640368958371,0.7990079858000617],"38":[0.887359200822459,0.835694042401006],"39":[0.19636931605279184,0.785079391741866],"40":[0.396336292651193,0.20643107726478443],"41":[0.7125773370628844,0.20149686312736623],"42":[0.8157459049971186,0.807240955583025],"43":[0.7455839505737175,0.1295050070503242],"44":[0.6424381852976836,0.8381990420333686],"45":[0.4787646764700662,0.20108334295759414],"46":[0.39590394992680517,0.7030638692939618],"47":[0.3727698137073605,0.7320761379256512],"48":[0.6570482618289067,0.24283685452475412],"49":[0.40351626056565315,0.23954559571862483],"50":[0.2579990413220049,0.8864298891574435],"51":[0.5612430273808233,0.7734294307221651],"52":[0.5780223542188114,0.20530522456414346],"53":[0.40621232341577534,0.38467638757309675],"54":[0.7205447308092551,0.7482102825018844],"55":[0.8337886259086223,0.3041953382330047],"56":[0.7849196288014666,0.2538205226511966],"57":[0.03157265143724963,0.8750425076587136],"58":[0.6221405304477102,0.9118531183122623],"59":[0.8885623813164844,0.7973129024522208],"60":[0.32868468615296126,0.7689157442941934],"61":[0.6320939045630807,0.2241316641872863],"62":[0.3362473577264048,0.732908653267317],"63":[0.6626463355808129,0.13379837332767475],"64":[0.20608468654322387,1.0],"65":[0.9999999999999999,0.8459178621736932],"66":[0.6498176976642842,0.8390470572287702],"67":[0.3982373865763578,0.8962288846067695],"68":[0.5633385702872089,0.308701013376691],"69":[0.0,0.7439386114733505],"70":[0.3162068963244071,0.8804374957631567],"71":[0.59242557818892,0.0],"72":[0.6528986478625919,0.24052186946828533],"73":[0.06183045605942261,0.9053909775773892],"74":[0.5433609392300651,0.20458090714232138]}}