{"cols":2,"data":{"0":[0.6341142821992702,0.7377049759256924],"1":[0.9876624835985026,0.31811397465506985],"2":[0.5273687685427729,0.9999999999999998],"3":[0.6673649458053232,0.9677768479137554],"4":[0.07727661850154299,0.6514037587648099],"5":[0.6802329455528109,0.3124557786629678],"6":[0.9999999999999999,0.6114051544694856],"7":[0.40486237309349316,0.3115305260544619],"8":[0.3627670131338987,0.029221155126186393],"9":[0.8643663538577062,0.8770710965756392],"10":[0.696787526165127,0.6167205274396675],"11":[0.605303356379949,0.28269165263147755],"12":[0.3302527951642963,0.0509008241629228],"13":[0.987818033744935,0.5340103368911271],"14":[0.610197159594602,0.05872700987672297],"15":[0.5491306621296745,0.7498946976268532],"16":[0.6746235691908145,0.3355438195498595],"17":[0.3412195431389152,0.29828484059590266],"18":[0.9499948815250365,0.7611791198473837],"19":[0.6674391882593336,0.7073917658688075],"20":[0.6945322712169171,0.7071532148363949],"21":[0.04267452830177648,0.5442402992192169],"22":[0.38897016347211966,0.9755241439344844],"23":[0.3342276465889227,0.9848741357255368],"24":[0.9471361631709296,0.6805289671827127],"25":[0.5205386622427748,0.23066609361014823],"26":[0.6179569868487942,0.2773623692068875],"27":[0.771504505392741,0.476762106167365],"28":[0.6052338012152351,0.0056462645906708575],"29":[0.28354507000512397,0.5334722481094123],"30":[0.7704804291081351,0.5087334965892496],"31":[0.40177453266303986,0.0],"32":[0.2636028455724027,0.4878523406153291],"33":[0.6818311412529852,0.3417327006743819],"34":[0.44517071698926935,0.7313495009765444],"35":[0.0,0.39709323094868576],"36":[0.7464008026107988,0.6015885260323574],"37":[0.7849197762719785,0.5541132014027884],"38":[0.37398538792556757,0.680228857386713],"39":[0.28837250120623203,0.9450247746642395],"40":[0.30284235326902753,0.3724203670505411],"41":[0.4758214014191197,0.23120027972373397],"42":[0.6052217564935627,0.9956381472275165],"43":[0.8821994976040164,0.20859546777504917],"44":[0.20592179496318064,0.06252419747462457],"45":[0.34622992854441553,0.6754014245541411],"46":[0.35782030125545156,0.29662688098031886],"47":[0.995497151437931,0.40470719721385284],"48":[0.29646815314719643,0.6273685015398764],"49":[0.7928148015320851,0.9049646030882759],"50":[0.2941560707315821,0.3790192441405817],"51":[0.20704447160133976,0.89281182212731],"52":[0.10476482613524174,0.7093809106792521],"53":[0.685944325805975,0.37631444295148436],"54":[0.35688810014150374,0.7094528728544528],"55":[0.8524517887292558,0.12705368398896172],"56":[0.02235135464456689,0.44702169433991296],"57":[0.919934197050919,0.8126185923285377],"58":[0.10592755951711941,0.21383606433965047],"59":[0.2926860169762965,0.5501579412639278],"60":[0.7864784046348345,0.09168443178759189],"61":[0.5975117071478091,0.7493110463898727],"62":[0.3608754568451471,0.3766646164225481],"63":[0.25857728668318714,0.49371190776284773],"64":[0.05451550928882043,0.2716692244091013],"65":[0.7768143180102087,0.5827128283948149],"66":[0.6709967727823192,0.0019030774209111145],"67":[0.5004941485846366,0.23059547782478557],"68":[0.4810199788847492,0.7102532137695257],"69":[0.7190871621111717,0.4257834597915043],"70":[0.8991623212267098,0.3234834681988724],"71":[0.21297079197509444,0.8474713875157507],"72":[0.17865565239618275,0.1878146447283926],"73":[0.3722877690432673,0.7141076487483335],"74":[0.08767597959854989,0.7417864353505962]}}