{
  "cols": 2,
  "data": {
    "0": [
      0.5522820949554443,
      0.1881151795387268
    ],
    "1": [
      0.4694737195968628,
      0.3216717839241028
    ],
    "10": [
      0.6957698464393616,
      0.8781864643096924
    ],
    "11": [
      0.7794239521026611,
      0.6493123769760132
    ],
    "12": [
      0.3468480110168457,
      0.43400681018829346
    ],
    "13": [
      0.5595712661743164,
      0.4814509153366089
    ],
    "14": [
      0.2454599142074585,
      0.5981547832489014
    ],
    "15": [
      0.40089842677116394,
      0.1977114975452423
    ],
    "16": [
      0.8040655851364136,
      0.6112399101257324
    ],
    "17": [
      0.5683281421661377,
      0.5023291707038879
    ],
    "18": [
      0.6124001741409302,
      0.8840929865837097
    ],
    "19": [
      0.4592532217502594,
      0.44696834683418274
    ],
    "2": [
      0.4946688413619995,
      0.6557706594467163
    ],
    "20": [
      0.5605624914169312,
      0.6804488301277161
    ],
    "21": [
      0.5672507882118225,
      0.7445952892303467
    ],
    "22": [
      0.429629921913147,
      0.6280277371406555
    ],
    "23": [
      0.43936586380004883,
      0.6644934415817261
    ],
    "24": [
      0.6770368814468384,
      0.2333328127861023
    ],
    "25": [
      0.4475123882293701,
      -0.35868191719055176
    ],
    "26": [
      0.4740704298019409,
      -0.4817214608192444
    ],
    "27": [
      0.17274212837219238,
      -0.5827247500419617
    ],
    "28": [
      0.7142971754074097,
      -0.4157884120941162
    ],
    "29": [
      0.7009668946266174,
      -0.47319138050079346
    ],
    "3": [
      0.37918591499328613,
      0.4186215400695801
    ],
    "30": [
      0.43157339096069336,
      -0.9367144107818604
    ],
    "31": [
      0.33142173290252686,
      -0.81827712059021
    ],
    "32": [
      0.6345939636230469,
      -0.3463705778121948
    ],
    "33": [
      0.6759191155433655,
      -0.4579516649246216
    ],
    "34": [
      0.40644675493240356,
      -0.3056960701942444
    ],
    "35": [
      0.35367351770401,
      -0.5012118816375732
    ],
    "36": [
      0.34231823682785034,
      -0.5839002132415771
    ],
    "37": [
      0.607769787311554,
      -0.4928281307220459
    ],
    "38": [
      0.7603959441184998,
      -0.6186734437942505
    ],
    "39": [
      0.46859028935432434,
      -0.3794858455657959
    ],
    "4": [
      0.5147231221199036,
      0.6097298860549927
    ],
    "40": [
      0.6019423604011536,
      -0.4133051633834839
    ],
    "41": [
      0.24091318249702454,
      -0.6117984652519226
    ],
    "42": [
      0.6124634742736816,
      -0.4880821108818054
    ],
    "43": [
      0.5145721435546875,
      -0.5973206758499146
    ],
    "44": [
      0.472574383020401,
      -0.5610976219177246
    ],
    "45": [
      0.4139401316642761,
      -0.18843555450439453
    ],
    "46": [
      0.5024873614311218,
      -0.5840327739715576
    ],
    "47": [
      0.7137997150421143,
      -0.1949891448020935
    ],
    "48": [
      -0.04216223955154419,
      -0.33494728803634644
    ],
    "49": [
      0.5025898218154907,
      -0.5657051801681519
    ],
    "5": [
      0.6735660433769226,
      0.7042644023895264
    ],
    "50": [
      -0.35650691390037537,
      -0.4601407051086426
    ],
    "51": [
      -0.29866376519203186,
      -0.3564012050628662
    ],
    "52": [
      -0.4551876485347748,
      -0.6260778307914734
    ],
    "53": [
      -0.960474967956543,
      -0.4571799635887146
    ],
    "54": [
      -0.5958523750305176,
      -0.49894794821739197
    ],
    "55": [
      -0.49780401587486267,
      -0.8415021896362305
    ],
    "56": [
      -0.5491973161697388,
      -0.4198223948478699
    ],
    "57": [
      -0.17793244123458862,
      -0.543088436126709
    ],
    "58": [
      -0.7397419810295105,
      -0.4304501414299011
    ],
    "59": [
      -0.5364341139793396,
      -0.6808104515075684
    ],
    "6": [
      0.4921608865261078,
      0.7552175521850586
    ],
    "60": [
      -0.45575350522994995,
      -0.5459332466125488
    ],
    "61": [
      -0.5825653076171875,
      -0.7829604148864746
    ],
    "62": [
      -0.3430488705635071,
      -0.5327491760253906
    ],
    "63": [
      -0.30456632375717163,
      -0.3961413502693176
    ],
    "64": [
      -0.7125710844993591,
      -0.42456933856010437
    ],
    "65": [
      -0.25311633944511414,
      -0.32131242752075195
    ],
    "66": [
      -0.4320988357067108,
      -0.6803478002548218
    ],
    "67": [
      -0.7097924947738647,
      -0.29044395685195923
    ],
    "68": [
      -0.54449862241745,
      -0.3981347978115082
    ],
    "69": [
      -0.7579610347747803,
      -0.619011640548706
    ],
    "7": [
      0.6648801565170288,
      0.3017358183860779
    ],
    "70": [
      -0.777923047542572,
      -0.44047442078590393
    ],
    "71": [
      -0.7939256429672241,
      -0.7940845489501953
    ],
    "72": [
      -0.251909077167511,
      -0.5685986280441284
    ],
    "73": [
      -0.6432211399078369,
      -0.4874526262283325
    ],
    "74": [
      -0.3771301507949829,
      -0.3202930688858032
    ],
    "75": [
      -0.5595770478248596,
      0.6477527618408203
    ],
    "76": [
      -0.23309525847434998,
      0.6147363781929016
    ],
    "77": [
      -0.3363106846809387,
      0.9491117000579834
    ],
    "78": [
      -0.39766818284988403,
      0.18784227967262268
    ],
    "79": [
      -0.6582019925117493,
      0.6392762660980225
    ],
    "8": [
      0.702457845211029,
      0.6346959471702576
    ],
    "80": [
      -0.6485540866851807,
      0.450400710105896
    ],
    "81": [
      -0.3885001838207245,
      0.5036188960075378
    ],
    "82": [
      -0.4067210257053375,
      0.5312680006027222
    ],
    "83": [
      -0.5196190476417542,
      0.670114278793335
    ],
    "84": [
      -0.6657459735870361,
      0.4473947584629059
    ],
    "85": [
      -0.4739193320274353,
      0.5781503319740295
    ],
    "86": [
      -0.5388699769973755,
      0.7564435005187988
    ],
    "87": [
      -0.43160736560821533,
      0.4060356616973877
    ],
    "88": [
      -0.8937243223190308,
      0.7565762996673584
    ],
    "89": [
      -0.1795998513698578,
      0.5489181280136108
    ],
    "9": [
      0.46121174097061157,
      0.8699765801429749
    ],
    "90": [
      -0.564674973487854,
      0.4777332842350006
    ],
    "91": [
      -0.73433917760849,
      0.5160776376724243
    ],
    "92": [
      -0.5443533658981323,
      0.3687705397605896
    ],
    "93": [
      -0.5361893177032471,
      0.39079707860946655
    ],
    "94": [
      -0.6060182452201843,
      0.22374722361564636
    ],
    "95": [
      -0.2985638380050659,
      0.5156055688858032
    ],
    "96": [
      -0.4440935552120209,
      0.7025385499000549
    ],
    "97": [
      -0.9713014364242554,
      0.798564612865448
    ],
    "98": [
      -0.44518789649009705,
      0.7323217988014221
    ],
    "99": [
      -0.5229644179344177,
      0.395229309797287
    ]
  }
}
