{
  "cols": 2,
  "data": {
    "0": [
      0.20747116208076477,
      0.6061561107635498
    ],
    "1": [
      0.4525856375694275,
      0.3475012481212616
    ],
    "10": [
      0.4287834167480469,
      0.6694729328155518
    ],
    "11": [
      0.5545337200164795,
      0.3954308331012726
    ],
    "12": [
      0.5121837258338928,
      -0.5118101835250854
    ],
    "13": [
      0.40603238344192505,
      -0.552162230014801
    ],
    "14": [
      0.5073788166046143,
      -0.4490852355957031
    ],
    "15": [
      0.7142704725265503,
      -0.37454402446746826
    ],
    "16": [
      0.34045344591140747,
      -0.5669266581535339
    ],
    "17": [
      0.0549846887588501,
      -0.32339924573898315
    ],
    "18": [
      0.3917347192764282,
      -0.26730966567993164
    ],
    "19": [
      0.7680230736732483,
      -0.45047491788864136
    ],
    "2": [
      0.5356395244598389,
      0.2747185230255127
    ],
    "20": [
      0.5621100664138794,
      -0.4338396191596985
    ],
    "21": [
      0.5377102494239807,
      -0.1737971007823944
    ],
    "22": [
      0.4799676239490509,
      -0.43824416399002075
    ],
    "23": [
      0.44191408157348633,
      -0.5741477608680725
    ],
    "24": [
      -0.46889281272888184,
      -0.7211354374885559
    ],
    "25": [
      -0.4145716428756714,
      -0.7695289850234985
    ],
    "26": [
      -0.7525604963302612,
      -0.6778422594070435
    ],
    "27": [
      -0.5293735265731812,
      -0.4730767607688904
    ],
    "28": [
      -0.49681156873703003,
      -0.502227246761322
    ],
    "29": [
      -0.28677934408187866,
      -0.5650055408477783
    ],
    "3": [
      0.5161637663841248,
      0.42072975635528564
    ],
    "30": [
      -0.7093005776405334,
      -0.2467828392982483
    ],
    "31": [
      -0.3352605104446411,
      -0.22913160920143127
    ],
    "32": [
      -0.21185603737831116,
      -0.08168613910675049
    ],
    "33": [
      -0.5171416997909546,
      -0.4971868097782135
    ],
    "34": [
      -0.8227676749229431,
      -0.4018198847770691
    ],
    "35": [
      -0.5813014507293701,
      -0.4209367632865906
    ],
    "36": [
      -0.5391024351119995,
      0.5386329293251038
    ],
    "37": [
      -0.29402118921279907,
      0.6736969947814941
    ],
    "38": [
      -0.560038149356842,
      0.5146877765655518
    ],
    "39": [
      -0.38622573018074036,
      0.3969705104827881
    ],
    "4": [
      0.20422321557998657,
      0.5648868680000305
    ],
    "40": [
      -0.7273956537246704,
      0.23145633935928345
    ],
    "41": [
      -0.8754377365112305,
      0.28477904200553894
    ],
    "42": [
      -0.5594154000282288,
      0.3497210144996643
    ],
    "43": [
      -0.2530304789543152,
      0.51112300157547
    ],
    "44": [
      -0.48613959550857544,
      0.6030800342559814
    ],
    "45": [
      -0.5572265982627869,
      0.4709937274456024
    ],
    "46": [
      -0.4618934094905853,
      0.5602578520774841
    ],
    "47": [
      -0.8620835542678833,
      0.39241936802864075
    ],
    "5": [
      0.7037374377250671,
      0.7242614030838013
    ],
    "6": [
      0.3269277811050415,
      0.3950437009334564
    ],
    "7": [
      0.49731364846229553,
      0.4523160755634308
    ],
    "8": [
      0.7786654829978943,
      0.6951385736465454
    ],
    "9": [
      0.5228478312492371,
      0.3802053928375244
    ]
  }
}
