{"cols":2,"data":{"0":[0.03184706184325342,0.635330849242639],"1":[0.34752265476270777,0.6848305660926054],"2":[0.02455560390901207,0.45565714458870155],"3":[0.0,0.5722850720230747],"4":[0.9199908202483688,0.2503703205421546],"5":[0.40712044738308417,0.31584052117007744],"6":[0.3256256909231912,0.5492973928507143],"7":[0.6260542288704518,0.6172077178825189],"8":[0.34829843733862714,0.5557655204414237],"9":[0.11257519250521264,0.8428189079520627],"10":[0.6492975274382943,0.4923599656466632],"11":[0.6320798947959912,0.6781000973343047],"12":[0.6447692815215774,0.04414790874408425],"13":[0.4213585229531632,0.23489251048010157],"14":[0.5486680343475694,0.07829221466190056],"15":[0.22774111747331777,0.9815476210378711],"16":[1.0,0.5484055242170651],"17":[0.9800295378529464,0.38347944614690044],"18":[0.015520582813020156,0.4564014552049819],"19":[0.7618374595977825,0.1234916560833135],"20":[0.8624400836027958,0.18287016566076658],"21":[0.6283156553137904,0.3664626521621935],"22":[0.0031522547479213014,0.3570755961096038],"23":[0.9927043568697612,0.5919611785729857],"24":[0.6181957707011867,0.5961948163393052],"25":[0.45200213931779093,0.9526938392660196],"26":[0.6376401254352505,0.03502665916231368],"27":[0.6754073354463848,0.36754174370993065],"28":[0.9377817116093109,0.2811077709545799],"29":[0.4576031854146728,0.8801567908265044],"30":[0.40464211970874886,0.9408596587737466],"31":[0.45449950523622823,0.17240348164371197],"32":[0.7305462418375825,0.026425005161019977],"33":[0.5578658058352596,0.7440403684538011],"34":[0.08068655033121441,0.7929644477803749],"35":[0.6192950197779117,0.5308848939259505],"36":[0.38858265584276014,0.3914905082075002],"37":[0.8129194412235491,0.18402420328698393],"38":[0.5549026051619147,0.11614449759549558],"39":[0.5212122652989486,0.07923829049708758],"40":[0.0818551021634257,0.8128452014868073],"41":[0.19820353025159096,0.958345656847007],"42":[0.35720524047869745,0.9976685445190361],"43":[0.42282400388715036,0.9058264379480305],"44":[0.9546418304662607,0.36453467469349304],"45":[0.5407331380421911,0.8486520666304187],"46":[0.9763497076260264,0.45926098425213646],"47":[0.959366028551245,0.4353390511789502],"48":[0.14405559446070826,0.8546123464370963],"49":[0.3514622880776378,1.0],"50":[0.5956737250579704,0.0],"51":[0.6540093177651822,0.06344242240708187],"52":[0.5021600236820457,0.18922573981061305],"53":[0.8997751152999507,0.25965402149762284],"54":[0.5995709121412259,0.7934579464851881],"55":[0.4597808728512336,0.8717906984536414],"56":[0.1500946222334268,0.8591016643079998],"57":[0.35050423490900695,0.3869956735793199],"58":[0.9763635971191265,0.6808730432804004],"59":[0.7039840182321158,0.042100661815294316],"60":[0.463725896373833,0.18275420599400188],"61":[0.7339486989301942,0.045476565327144614],"62":[0.3659963512262622,0.4204199056461363],"63":[0.8637144938973432,0.1621079331279417],"64":[0.2828326850745915,0.9735736736455616],"65":[0.5660102989024984,0.8319466574319567],"66":[0.05780646264880135,0.6965842230845255],"67":[0.16327930752570963,0.916337001967257],"68":[0.3188669501585548,0.9265346196095658],"69":[0.8277774050844358,0.1169138966603758],"70":[0.3644070898575847,0.5380525460775449],"71":[0.031195320780949276,0.7237604370619591],"72":[0.42310285459082575,0.29901273068513395],"73":[0.018048532816454466,0.40512728979748797],"74":[0.6585658105950993,0.46044724514510127]}}