{"cols":2,"data":{"0":[0.6813551283853423,0.08378208657185472],"1":[0.7266991021146318,0.9396818280231135],"2":[0.887579928686995,0.6750958001542382],"3":[0.15119069526490403,0.4444868845960083],"4":[0.8666701008605124,0.5389209319924724],"5":[0.5384311033394439,0.2632486063796264],"6":[0.9133095891047148,0.306001649222011],"7":[0.5147845040619583,0.5084564491678453],"8":[0.08300861711093277,0.7310256991799855],"9":[0.13269963732259887,0.9440457607851586],"10":[0.7940809206875424,0.8731928677132234],"11":[0.6645337120913105,0.7692861260689072],"12":[0.7366207117142423,0.09736486835308132],"13":[0.35251284586768206,0.0033666389637009384],"14":[0.12891034544786567,0.685822120184306],"15":[0.0,0.7498866458510184],"16":[0.06805742071287026,0.11410467790532007],"17":[0.8410502176482277,0.8333593690268478],"18":[0.1267816928567697,0.8492543260616529],"19":[0.43743558879887584,0.9765826952774653],"20":[0.601259314231305,0.11103194973016363],"21":[0.4104495753879692,0.8424812162543939],"22":[0.7108579540603938,0.00031734461799927394],"23":[0.37406381100446423,0.7419168791002577],"24":[0.4117500804056393,0.7132006434529087],"25":[0.32237725454059213,0.315988113222266],"26":[0.9763855470466233,0.15417408108239794],"27":[0.6827813681480039,0.7791427190364659],"28":[0.7198751293673962,0.7361740403233282],"29":[0.4548445160323001,0.9667538686943591],"30":[0.6436465017365313,0.3730676693890107],"31":[0.3668803166674272,0.7915103192649761],"32":[0.7552737699755225,0.8897582787492829],"33":[0.12738128649861702,0.21828174728066327],"34":[0.8124529482136661,0.9641514459854805],"35":[0.15628338070505277,0.6217652537237863],"36":[0.5686721956495171,0.5558231543806368],"37":[0.32116210061656764,0.25974325404836013],"38":[0.26710670286600774,0.04109271274909492],"39":[0.28568855808829124,0.9289305504648173],"40":[0.774941174844867,0.9161722422889809],"41":[0.4178594410749142,0.6124679944833863],"42":[0.8573567230301746,0.5134901946018092],"43":[0.6393946607860924,0.4151136834432873],"44":[0.46558191973683305,0.448045082165507],"45":[0.9104786384717306,0.9318432994404681],"46":[0.2371636486882096,0.030513154316984988],"47":[0.034015689925115306,0.6867594975139126],"48":[0.17590588510089128,0.04572647677474321],"49":[0.16817129309833828,0.1705981883538891],"50":[0.672644940701176,1.0],"51":[0.39117967760830313,0.03660327431663356],"52":[0.4790953393593679,0.9118306474077081],"53":[0.4293973707569262,0.17888029283391538],"54":[0.11775016231473746,0.5433889967472681],"55":[0.3506259379336426,0.9593038622951582],"56":[0.5397919327516669,0.0],"57":[0.04265302392658495,0.2298910662121963],"58":[0.4483684162643088,0.33143158959808466],"59":[0.2859726852130395,0.6932707184841521],"60":[0.5678738977921207,0.4173473632315058],"61":[0.7301789808954907,0.1915300542753442],"62":[0.5928740587546303,0.9114351203531144],"63":[0.42783044755096633,0.8357973661975963],"64":[0.7290261092288786,0.9504700155704567],"65":[0.9287642202703549,0.49076957491343626],"66":[0.7587579022977855,0.9593742052449284],"67":[0.5890166439234821,0.5874221201691942],"68":[0.05818345409269972,0.8490259667382652],"69":[0.6695289219444274,0.5785684620535425],"70":[0.003619534638930555,0.1868555471836223],"71":[0.40114347110132637,0.17866018343920298],"72":[0.23052997689429577,0.8933562477738818],"73":[0.4010863686184346,0.20617155067328896],"74":[0.29757146773247106,0.29173543097121957],"75":[0.21188016710295848,0.15968961622597186],"76":[0.07903726376509984,0.6944443861480393],"77":[0.4180580478695376,0.42348573758141284],"78":[0.2540767297696834,0.6399567379156629],"79":[0.6993018780940407,0.04492874772483651],"80":[0.11548324489512306,0.2561024457589602],"81":[0.8809798283432658,0.13450546770487992],"82":[0.35202344906552346,0.08408064156034578],"83":[0.9216693328560287,0.6796189757156538],"84":[0.8710209314654587,0.9839524516492474],"85":[0.33310210368425,0.29699609667989857],"86":[0.18775522593095018,0.12117736783600946],"87":[0.9302610720070561,0.672234172054443],"88":[0.7807141383583558,0.8463923675327035],"89":[0.7567752311548609,0.7144897516050207],"90":[0.5793377661003591,0.21315055174842648],"91":[0.2731496348023719,0.6210302971826053],"92":[1.0,0.21326040920468214],"93":[0.21527067806372835,0.5011167913801565],"94":[0.43080790033783695,0.8302421645702528],"95":[0.27029007883507006,0.09422351250621551],"96":[0.3551609480849771,0.4694808481591434],"97":[0.9178197413428967,0.5994996094786647],"98":[0.24914651155510958,0.8348287613403901],"99":[0.17731630600260206,0.6156708979032152]}}