{"cols":2,"data":{"0":[0.5,0.5],"1":[0.5,0.7901960784313726],"2":[0.7000000000000001,0.5784313725490197],"3":[0.7000000000000001,0.7352941176470588],"4":[0.5,0.8764705882352941],"5":[0.5,0.7588235294117647],"6":[0.9,0.8764705882352941],"7":[0.5,0.515686274509804],"8":[0.9,0.6568627450980392],"9":[0.5,0.5549019607843138],"10":[0.5,0.8921568627450981],"11":[0.9,0.711764705882353],"12":[0.7000000000000001,0.7745098039215687],"13":[0.7000000000000001,0.515686274509804],"14":[0.5,0.6254901960784314],"15":[0.9,0.8529411764705882],"16":[0.9,0.6411764705882353],"17":[0.9,0.7588235294117647],"18":[0.9,0.696078431372549],"19":[0.5,0.8450980392156863],"20":[0.5,0.5627450980392158],"21":[0.9,0.6098039215686274],"22":[0.9,0.7196078431372549],"23":[0.9,0.5941176470588235],"24":[0.7000000000000001,0.5941176470588235],"25":[0.9,0.5862745098039216],"26":[0.9,0.5078431372549019],"27":[0.7000000000000001,0.8372549019607843],"28":[0.7000000000000001,0.8529411764705882],"29":[0.7000000000000001,0.696078431372549],"30":[0.5,0.696078431372549],"31":[0.5,0.8607843137254901],"32":[0.9,0.8921568627450981],"33":[0.7000000000000001,0.7509803921568627],"34":[0.7000000000000001,0.7980392156862746],"35":[0.7000000000000001,0.884313725490196],"36":[0.7000000000000001,0.6725490196078432],"37":[0.9,0.8686274509803922],"38":[0.7000000000000001,0.7588235294117647],"39":[0.9,0.6490196078431373],"40":[0.5,0.6176470588235294],"41":[0.5,0.6411764705882353],"42":[0.7000000000000001,0.6411764705882353],"43":[0.7000000000000001,0.5862745098039216],"44":[0.9,0.5313725490196078],"45":[0.9,0.7901960784313726],"46":[0.5,0.8529411764705882],"47":[0.5,0.711764705882353],"48":[0.7000000000000001,0.7196078431372549],"49":[0.7000000000000001,0.5705882352941177],"50":[0.5,0.6803921568627451],"51":[0.7000000000000001,0.8764705882352941],"52":[0.7000000000000001,0.7901960784313726],"53":[0.5,0.5235294117647059],"54":[0.9,0.7352941176470588],"55":[0.7000000000000001,0.6333333333333333],"56":[0.7000000000000001,0.8294117647058824],"57":[0.9,0.6725490196078432],"58":[0.9,0.6333333333333333],"59":[0.7000000000000001,0.703921568627451],"60":[0.9,0.8215686274509805],"61":[0.7000000000000001,0.7274509803921568],"62":[0.9,0.884313725490196],"63":[0.9,0.5705882352941177],"64":[0.7000000000000001,0.5627450980392158],"65":[0.7000000000000001,0.5549019607843138],"66":[0.5,0.5784313725490197],"67":[0.9,0.6176470588235294],"68":[0.7000000000000001,0.6019607843137255],"69":[0.7000000000000001,0.6490196078431373],"70":[0.9,0.8294117647058824],"71":[0.9,0.8450980392156863],"72":[0.9,0.6803921568627451],"73":[0.7000000000000001,0.5470588235294118],"74":[0.7000000000000001,0.6882352941176471],"75":[0.9,0.7431372549019608],"76":[0.9,0.7745098039215687],"77":[0.9,0.8137254901960785],"78":[0.7000000000000001,0.6568627450980392],"79":[0.9,0.6647058823529413],"80":[0.9,0.5392156862745099],"81":[0.5,0.5941176470588235],"82":[0.5,0.7666666666666667],"83":[0.7000000000000001,0.6803921568627451],"84":[0.7000000000000001,0.6647058823529413],"85":[0.9,0.5784313725490197],"86":[0.5,0.8058823529411765],"87":[0.5,0.6333333333333333],"88":[0.5,0.6882352941176471],"89":[0.9,0.8607843137254901],"90":[0.7000000000000001,0.8215686274509805],"91":[0.9,0.7980392156862746],"92":[0.5,0.5470588235294118],"93":[0.5,0.5078431372549019],"94":[0.9,0.7823529411764706],"95":[0.7000000000000001,0.8058823529411765],"96":[0.7000000000000001,0.5],"97":[0.9,0.6019607843137255],"98":[0.9,0.7666666666666667],"99":[0.9,0.5470588235294118],"100":[0.7000000000000001,0.8686274509803922],"101":[0.7000000000000001,0.711764705882353],"102":[0.9,0.6882352941176471],"103":[0.7000000000000001,0.7666666666666667],"104":[0.9,0.5627450980392158],"105":[0.7000000000000001,0.5235294117647059],"106":[0.5,0.7196078431372549],"107":[0.9,0.5549019607843138],"108":[0.7000000000000001,0.6098039215686274],"109":[0.7000000000000001,0.8450980392156863],"110":[0.9,0.7274509803921568],"111":[0.7000000000000001,0.7823529411764706],"112":[0.7000000000000001,0.8137254901960785],"113":[0.9,0.703921568627451],"114":[0.7000000000000001,0.8607843137254901],"115":[0.9,0.8372549019607843],"116":[0.7000000000000001,0.8921568627450981],"117":[0.7000000000000001,0.7431372549019608],"118":[0.7000000000000001,0.6254901960784314],"119":[0.9,0.6254901960784314],"120":[0.7000000000000001,0.5078431372549019],"121":[0.9,0.515686274509804],"122":[0.7000000000000001,0.5392156862745099],"123":[0.7000000000000001,0.5313725490196078],"124":[0.9,0.8058823529411765],"125":[0.9,0.5235294117647059],"126":[0.7000000000000001,0.6176470588235294],"127":[0.9,0.7509803921568627],"128":[0.7000000000000001,0.1392156862745098],"129":[0.7000000000000001,0.296078431372549],"130":[0.7000000000000001,0.4607843137254902],"131":[0.7000000000000001,0.14705882352941177],"132":[0.7000000000000001,0.13137254901960785],"133":[0.7000000000000001,0.44509803921568636],"134":[0.5,0.28823529411764703],"135":[0.9,0.14705882352941177],"136":[0.5,0.4372549019607843],"137":[0.9,0.18627450980392157],"138":[0.9,0.2647058823529412],"139":[0.9,0.4607843137254902],"140":[0.9,0.24117647058823533],"141":[0.7000000000000001,0.35882352941176476],"142":[0.9,0.303921568627451],"143":[0.5,0.2568627450980392],"144":[0.5,0.1392156862745098],"145":[0.5,0.15490196078431373],"146":[0.5,0.12352941176470589],"147":[0.7000000000000001,0.48431372549019613],"148":[0.5,0.42156862745098045],"149":[0.9,0.3509803921568627],"150":[0.7000000000000001,0.33529411764705885],"151":[0.5,0.48431372549019613],"152":[0.7000000000000001,0.23333333333333334],"153":[0.5,0.3509803921568627],"154":[0.7000000000000001,0.39803921568627454],"155":[0.7000000000000001,0.11568627450980393],"156":[0.9,0.37450980392156863],"157":[0.7000000000000001,0.40588235294117647],"158":[0.7000000000000001,0.21764705882352942],"159":[0.9,0.1],"160":[0.9,0.4529411764705883],"161":[0.9,0.27254901960784317],"162":[0.5,0.24901960784313726],"163":[0.9,0.296078431372549],"164":[0.5,0.31176470588235294],"165":[0.7000000000000001,0.42156862745098045],"166":[0.9,0.48431372549019613],"167":[0.9,0.3431372549019608],"168":[0.5,0.4764705882352941],"169":[0.9,0.31176470588235294],"170":[0.7000000000000001,0.2803921568627451],"171":[0.9,0.11568627450980393],"172":[0.5,0.23333333333333334],"173":[0.5,0.3901960784313726],"174":[0.7000000000000001,0.10784313725490197],"175":[0.7000000000000001,0.24901960784313726],"176":[0.9,0.4294117647058824],"177":[0.9,0.23333333333333334],"178":[0.9,0.2019607843137255],"179":[0.5,0.37450980392156863],"180":[0.9,0.31960784313725493],"181":[0.9,0.3666666666666667],"182":[0.9,0.19411764705882353],"183":[0.7000000000000001,0.3666666666666667],"184":[0.7000000000000001,0.31176470588235294],"185":[0.7000000000000001,0.20980392156862748],"186":[0.7000000000000001,0.22549019607843138],"187":[0.9,0.13137254901960785],"188":[0.9,0.4372549019607843],"189":[0.9,0.21764705882352942],"190":[0.7000000000000001,0.49215686274509807],"191":[0.9,0.33529411764705885],"192":[0.7000000000000001,0.27254901960784317],"193":[0.7000000000000001,0.1],"194":[0.5,0.20980392156862748],"195":[0.9,0.3823529411764707],"196":[0.7000000000000001,0.46862745098039216],"197":[0.9,0.35882352941176476],"198":[0.5,0.4607843137254902],"199":[0.5,0.10784313725490197],"200":[0.7000000000000001,0.4764705882352941],"201":[0.9,0.40588235294117647],"202":[0.7000000000000001,0.19411764705882353],"203":[0.9,0.42156862745098045],"204":[0.9,0.2803921568627451],"205":[0.7000000000000001,0.3823529411764707],"206":[0.9,0.3901960784313726],"207":[0.7000000000000001,0.2019607843137255],"208":[0.7000000000000001,0.4529411764705883],"209":[0.9,0.46862745098039216],"210":[0.5,0.22549019607843138],"211":[0.7000000000000001,0.37450980392156863],"212":[0.9,0.17058823529411765],"213":[0.7000000000000001,0.17058823529411765],"214":[0.7000000000000001,0.15490196078431373],"215":[0.5,0.46862745098039216],"216":[0.9,0.4137254901960784],"217":[0.9,0.1392156862745098],"218":[0.7000000000000001,0.4294117647058824],