{
  "cols": 2,
  "data": {
    "slice-0": [
      0.29261713285135205,
      0.9978538432041251
    ],
    "slice-1": [
      0.7666238879905594,
      0.9151137908246102
    ],
    "slice-10": [
      0.17952277988640145,
      1.0
    ],
    "slice-11": [
      0.7274696371448642,
      0.8803378397121574
    ],
    "slice-12": [
      0.9716241916624048,
      0.6041349466006347
    ],
    "slice-13": [
      0.17054273675871598,
      0.20334726312955362
    ],
    "slice-14": [
      0.15736029826935247,
      0.685096706291253
    ],
    "slice-15": [
      0.2473572925081083,
      0.5764300015501725
    ],
    "slice-16": [
      0.6928895746949754,
      0.5820131030375223
    ],
    "slice-17": [
      0.24184546843983643,
      0.7381416531366518
    ],
    "slice-18": [
      0.3296321484930957,
      0.6590214331753245
    ],
    "slice-19": [
      0.15684689898479812,
      0.49160220940383625
    ],
    "slice-2": [
      0.8995269937451262,
      0.6938734243311822
    ],
    "slice-20": [
      0.0,
      0.803397064462702
    ],
    "slice-21": [
      0.19799534590522003,
      0.7579183956529898
    ],
    "slice-22": [
      0.022444835898202085,
      0.6822756533161455
    ],
    "slice-23": [
      0.09456010240522661,
      0.2994395555084158
    ],
    "slice-24": [
      1.0,
      0.5767003516444067
    ],
    "slice-25": [
      0.11126997711327291,
      0.6311845765989214
    ],
    "slice-26": [
      0.2520025905361631,
      0.5987390406879503
    ],
    "slice-27": [
      0.20306193785364493,
      0.2813152643044213
    ],
    "slice-28": [
      0.2336325511207376,
      0.7021653136651791
    ],
    "slice-3": [
      0.9447552945144114,
      0.47236662396893125
    ],
    "slice-4": [
      0.8672177193188488,
      0.7586401559963122
    ],
    "slice-5": [
      0.1423144809080369,
      0.6673391695970368
    ],
    "slice-6": [
      0.26090931718094384,
      0.5888205471293252
    ],
    "slice-7": [
      0.09668480917569269,
      0.5051168422169099
    ],
    "slice-8": [
      0.3425150989580186,
      0.0
    ],
    "slice-9": [
      0.3155804560508987,
      0.23916623560991132
    ]
  }
}
