{
  "cols": 2,
  "data": {
    "slice-0": [
      3626.84521484375,
      -21.746540069580078
    ],
    "slice-1": [
      7402.42919921875,
      -24.164390563964844
    ],
    "slice-10": [
      2726.02001953125,
      -21.68382453918457
    ],
    "slice-11": [
      7090.5556640625,
      -25.180622100830078
    ],
    "slice-12": [
      9035.30859375,
      -33.25189208984375
    ],
    "slice-13": [
      2654.49169921875,
      -44.963809967041016
    ],
    "slice-14": [
      2549.490234375,
      -30.88600730895996
    ],
    "slice-15": [
      3266.339111328125,
      -34.061492919921875
    ],
    "slice-16": [
      6815.11669921875,
      -33.89834213256836
    ],
    "slice-17": [
      3222.43603515625,
      -29.335914611816406
    ],
    "slice-18": [
      3921.67919921875,
      -31.647985458374023
    ],
    "slice-19": [
      2545.40087890625,
      -36.54035186767578
    ],
    "slice-2": [
      8461.0361328125,
      -30.629531860351563
    ],
    "slice-20": [
      1296.0755615234375,
      -27.429004669189453
    ],
    "slice-21": [
      2873.15869140625,
      -28.757993698120117
    ],
    "slice-22": [
      1474.8543701171875,
      -30.96844482421875
    ],
    "slice-23": [
      2049.270751953125,
      -42.15577697753906
    ],
    "slice-24": [
      9261.3291015625,
      -34.053592681884766
    ],
    "slice-25": [
      2182.369140625,
      -32.46144104003906
    ],
    "slice-26": [
      3303.340087890625,
      -33.40957260131836
    ],
    "slice-27": [
      2913.515380859375,
      -42.68540954589844
    ],
    "slice-28": [
      3157.01806640625,
      -30.387224197387695
    ],
    "slice-3": [
      8821.291015625,
      -37.10245895385742
    ],
    "slice-4": [
      8203.6845703125,
      -28.736902236938477
    ],
    "slice-5": [
      2429.646484375,
      -31.404922485351563
    ],
    "slice-6": [
      3374.284423828125,
      -33.69941329956055
    ],
    "slice-7": [
      2066.194580078125,
      -36.145423889160156
    ],
    "slice-8": [
      4024.295166015625,
      -50.90607452392578
    ],
    "slice-9": [
      3809.75390625,
      -43.91709899902344
    ]
  }
}
