{
  "cols": 2,
  "data": {
    "slice-0": [
      0.08451422235088518,
      1.5735202837756683
    ],
    "slice-1": [
      0.9696325081390197,
      1.2184505723018455
    ],
    "slice-10": [
      -0.12666816849765275,
      1.5827302764258249
    ],
    "slice-11": [
      0.8965193235396096,
      1.0692134546953849
    ],
    "slice-12": [
      1.3524319417014852,
      -0.11608047182410569
    ],
    "slice-13": [
      -0.14343670669527014,
      -1.8360161382846183
    ],
    "slice-14": [
      -0.16805242626404776,
      0.2313578948076044
    ],
    "slice-15": [
      0.0,
      -0.23497315514444236
    ],
    "slice-16": [
      0.8319475737359523,
      -0.21101389747864513
    ],
    "slice-17": [
      -0.010292292710980068,
      0.4589943710953956
    ],
    "slice-18": [
      0.15363278835870364,
      0.11945876692928913
    ],
    "slice-19": [
      -0.1690111026747587,
      -0.599002169100182
    ],
    "slice-2": [
      1.217804011743128,
      0.2690222019055814
    ],
    "slice-20": [
      -0.46189312778395336,
      0.7390306945602194
    ],
    "slice-21": [
      -0.09217413272408446,
      0.5438640570240304
    ],
    "slice-22": [
      -0.41998162660887367,
      0.21925166043722605
    ],
    "slice-23": [
      -0.2853199569643005,
      -1.4236467772728496
    ],
    "slice-24": [
      1.4054184161795733,
      -0.23381297785187377
    ],
    "slice-25": [
      -0.2541174150237815,
      0.0
    ],
    "slice-26": [
      0.008674218632937741,
      -0.1392364005485493
    ],
    "slice-27": [
      -0.08271322709023796,
      -1.5014251525988869
    ],
    "slice-28": [
      -0.025628368030551272,
      0.3046059206575421
    ],
    "slice-3": [
      1.3022593398834685,
      -0.6815495397384531
    ],
    "slice-4": [
      1.1574725306298543,
      0.5469614110803374
    ],
    "slice-5": [
      -0.19614765471119916,
      0.1551534055769179
    ],
    "slice-6": [
      0.025305852115664336,
      -0.18180051000743946
    ],
    "slice-7": [
      -0.2813524674842717,
      -0.5410056289046045
    ],
    "slice-8": [
      0.17768927048216443,
      -2.7086582501994316
    ],
    "slice-9": [
      0.12739390084916408,
      -1.6823030107469055
    ]
  }
}
