{
  "cols": 2,
  "data": {
    "slice-0": [
      -0.2679225661577177,
      1.705725052433043
    ],
    "slice-1": [
      1.2458699979298424,
      1.3450035900543778
    ],
    "slice-10": [
      -0.6291017871339195,
      1.715081643293669
    ],
    "slice-11": [
      1.120826603210235,
      1.1933910205656169
    ],
    "slice-12": [
      1.900560953215899,
      -0.010769584257422336
    ],
    "slice-13": [
      -0.6577805398404786,
      -1.758081981667021
    ],
    "slice-14": [
      -0.6998801030753519,
      0.34219906287846535
    ],
    "slice-15": [
      -0.4124648306308711,
      -0.13155471801445123
    ],
    "slice-16": [
      1.0103913808536422,
      -0.10721409367102343
    ],
    "slice-17": [
      -0.4300674453587105,
      0.5734588971133324
    ],
    "slice-18": [
      -0.14971105370448193,
      0.22851880307928799
    ],
    "slice-19": [
      -0.7015197000029062,
      -0.5013780907750387
    ],
    "slice-2": [
      1.6703106436677302,
      0.3804628840291552
    ],
    "slice-20": [
      -1.2024274757025375,
      0.8579526425811808
    ],
    "slice-21": [
      -0.570107621384759,
      0.6596794792427438
    ],
    "slice-22": [
      -1.130747430394142,
      0.32990012995102613
    ],
    "slice-23": [
      -0.900439416822762,
      -1.3391488140732897
    ],
    "slice-24": [
      1.991182209549704,
      -0.13037607383256156
    ],
    "slice-25": [
      -0.8470745991157939,
      0.10715857519101839
    ],
    "slice-26": [
      -0.39762956185759213,
      -0.03429409283222156
    ],
    "slice-27": [
      -0.5539269042670482,
      -1.4181652110861147
    ],
    "slice-28": [
      -0.4562962976531604,
      0.4166129994862003
    ],
    "slice-3": [
      1.8147521830520208,
      -0.5852393926263122
    ],
    "slice-4": [
      1.567127431936498,
      0.6628261348109079
    ],
    "slice-5": [
      -0.7479305711229856,
      0.26478160397718975
    ],
    "slice-6": [
      -0.36918495338092616,
      -0.07753570796499633
    ],
    "slice-7": [
      -0.8936539327022804,
      -0.4424584022850952
    ],
    "slice-8": [
      -0.10856793832507929,
      -2.6446141993448586
    ],
    "slice-9": [
      -0.19458667478206806,
      -1.6019221562568218
    ]
  }
}
