{
	"outliersCutoff":1.1,
	"FluidSpectralShape":[ [ 3001.3410644531, 2347.7133789062, 2087.1667480469, 2217.7016601562, 2282.6203613281, 2425.7939453125, 2655.6147460938, 2607.7985839844 ], [ 3182.7390136719, 2802.3896484375, 2832.7646484375, 3051.986328125, 3180.7775878906, 3302.0073242188, 3462.623046875, 3424.5808105469 ], [ 1.8102276325226, 2.549459695816, 2.975768327713, 2.6833617687225, 2.6319057941437, 2.4522821903229, 2.1816968917847, 2.2221789360046 ], [ 6.990339756012, 11.57611656189, 13.495573043823, 11.125793457031, 10.712363243103, 9.6664161682129, 8.2113199234009, 8.2596073150635 ], [ 9615.9619140625, 7792.5322265625, 8347.0595703125, 9182.462890625, 9491.7353515625, 9785.2216796875, 10178.952148438, 10112.942382812 ], [ -14.926514625549, -17.325046539307, -17.348392486572, -16.439317703247, -15.564348220825, -14.779279708862, -14.004860877991, -14.179995536804 ], [ 23.665502548218, 31.619066238403, 32.73180770874, 32.573390960693, 33.77075958252, 34.62105178833, 35.730312347412, 35.545337677002 ] ],
	"SpecShapeArr_filtered":[ [ 2282.6203613281, 2425.7939453125 ], [ 3180.7775878906, 3302.0073242188 ], [ 2.6319057941437, 2.4522821903229 ], [ 10.712363243103, 9.6664161682129 ], [ 9491.7353515625, 9785.2216796875 ], [ -15.564348220825, -14.779279708862 ], [ 33.77075958252, 34.62105178833 ] ],
	"FluidBufStats_outliersCutoff!=-1":[ [ 2437.9057617188, 172.63305664062, 0.031042503193021, 1.3538744449615, 2217.7016601562, 2425.7939453125, 2655.6147460938 ], [ 3284.3950195312, 152.62886047363, -0.29496854543686, 1.6319247484207, 3051.986328125, 3302.0073242188, 3462.623046875 ], [ 2.4342851638794, 0.2050399184227, -0.057576209306717, 1.2977517843246, 2.1816968917847, 2.4522821903229, 2.6833617687225 ], [ 9.595100402832, 1.2078720331192, -0.005693641025573, 1.3056437969208, 8.2113199234009, 9.6664161682129, 11.125793457031 ], [ 9750.2626953125, 375.70370483398, -0.2783445417881, 1.6008960008621, 9182.462890625, 9785.2216796875, 10178.952148438 ], [ -14.993560791016, 0.90568685531616, -0.45580327510834, 1.745108962059, -16.439317703247, -14.779279708862, -14.004860877991 ], [ 34.448169708252, 1.1705754995346, -0.43226510286331, 1.7806693315506, 32.573390960693, 34.62105178833, 35.730312347412 ] ],
	"SpecShapeArr_with_nils":[ [ null, 2347.7133789062, null, null, 2282.6203613281, 2425.7939453125, null, 2607.7985839844 ], [ 3182.7390136719, null, null, 3051.986328125, 3180.7775878906, 3302.0073242188, null, null ], [ null, 2.549459695816, null, null, 2.6319057941437, 2.4522821903229, null, 2.2221789360046 ], [ null, null, null, 11.125793457031, 10.712363243103, 9.6664161682129, null, 8.2596073150635 ], [ 9615.9619140625, null, null, 9182.462890625, 9491.7353515625, 9785.2216796875, null, null ], [ -14.926514625549, null, null, -16.439317703247, -15.564348220825, -14.779279708862, null, null ], [ null, null, 32.73180770874, 32.573390960693, 33.77075958252, 34.62105178833, null, null ] ],
	"percentiles_range_bounds":[ [ 2282.6203613281, 2607.7985839844, 325.17822265625, 357.69604492188, 1924.9243164062, 2965.4946289062 ], [ 3051.986328125, 3302.0073242188, 250.02099609375, 275.02309570313, 2776.9632324219, 3577.0304199219 ], [ 2.2221789360046, 2.6319057941437, 0.40972685813904, 0.45069954395294, 1.7714793920517, 3.0826053380966 ], [ 8.2596073150635, 11.125793457031, 2.8661861419678, 3.1528047561646, 5.1068025588989, 14.278598213196 ], [ 9182.462890625, 9785.2216796875, 602.7587890625, 663.03466796875, 8519.4282226562, 10448.256347656 ], [ -16.439317703247, -14.779279708862, 1.6600379943848, 1.8260417938232, -18.26535949707, -12.953237915039 ], [ 32.573390960693, 34.62105178833, 2.0476608276367, 2.2524269104004, 30.320964050293, 36.87347869873 ] ],
	"iqrBounds":[ [ 2282.6203613281, 2607.7985839844, 325.17822265625, 357.69604492188, 1924.9243164062, 2965.4946289062 ], [ 3051.986328125, 3302.0073242188, 250.02099609375, 275.02309570313, 2776.9632324219, 3577.0304199219 ], [ 2.2221789360046, 2.6319057941437, 0.40972685813904, 0.45069954395294, 1.7714793920517, 3.0826053380966 ], [ 8.2596073150635, 11.125793457031, 2.8661861419678, 3.1528047561646, 5.1068025588989, 14.278598213196 ], [ 9182.462890625, 9785.2216796875, 602.7587890625, 663.03466796875, 8519.4282226562, 10448.256347656 ], [ -16.439317703247, -14.779279708862, 1.6600379943848, 1.8260417938232, -18.26535949707, -12.953237915039 ], [ 32.573390960693, 34.62105178833, 2.0476608276367, 2.2524269104004, 30.320964050293, 36.87347869873 ] ],
	"FluidBufStats_outliersCutoff=-1":[ [ 2453.21875, 272.88888549805, 0.66670924425125, 2.5812358856201, 2087.1667480469, 2425.7939453125, 3001.3410644531 ], [ 3154.9836425781, 231.6064453125, -0.26617485284805, 1.7835638523102, 2802.3896484375, 3182.7390136719, 3462.623046875 ], [ 2.4383602142334, 0.336524695158, -0.31586268544197, 2.4440188407898, 1.8102276325226, 2.549459695816, 2.975768327713 ], [ 10.004691123962, 1.9961071014404, 0.15205039083958, 2.0363175868988, 6.990339756012, 10.712363243103, 13.495573043823 ], [ 9313.3583984375, 790.44360351562, -0.79065597057343, 2.3217391967773, 7792.5322265625, 9615.9619140625, 10178.952148438 ], [ -15.570969581604, 1.2459781169891, -0.28243911266327, 1.5735864639282, -17.348392486572, -14.926514625549, -14.004860877991 ], [ 32.532154083252, 3.6176292896271, -1.6547310352325, 4.6634202003479, 23.665502548218, 33.77075958252, 35.730312347412 ] ]
}